document_id,title,family,location,lifecycle,authority,canonicality,adoption_status,production_state,review_priority,blocking_issue,next_action,coverage
PR-CTRL-001,Master Document Register,production-control,00_START_HERE/production_control/PR-CTRL-001-MASTER-DOCUMENT-REGISTER.csv,current-working,corpus-control,current-control,not applicable,CLASSIFIED,P0,First-pass register; requires iterative expansion as reconciliation proceeds,Maintain as controlling corpus index,individual
ORG-CONST-001,Organization Constants and Institutional Identity Register,institution-control,04_INSTITUTION_AND_GOVERNANCE/institution/00-control/ORG-CONST-001-Organization-Constants-and-Institutional-Identity-Register.docx,current-canonical,institution-control,canonical draft,not adopted,REVIEW_READY,P0,"Legal/public name, founder/PSL and adoption-date constants unresolved",Reconcile with PR-TERM-001 and verified real-world facts,individual
REC-ID-001,Institutional Identifier and Record Numbering Standard,institution-control,04_INSTITUTION_AND_GOVERNANCE/institution/00-control/REC-ID-001-Institutional-Identifier-and-Record-Numbering-Standard.docx,current-canonical,institution-control,canonical draft,not adopted,REVIEW_READY,P0,Must align with final document taxonomy,Review before assigning new production IDs,individual
REPO-001,Canonical Institutional Repository Standard,institution-control,04_INSTITUTION_AND_GOVERNANCE/institution/00-control/REPO-001-Canonical-Institutional-Repository-Standard.docx,current-canonical,institution-control,canonical draft,not adopted,REVIEW_READY,P0,Must coexist with corpus-wide 00_START_HERE controls,Cross-reference PR-CTRL-001 and PR-XWALK-001,individual
ADOPT-001,Founding Adoption and Activation Register,institution-control,04_INSTITUTION_AND_GOVERNANCE/institution/00-control/ADOPT-001-Founding-Adoption-and-Activation-Register.docx,current-canonical,adoption-control,canonical draft,not adopted,REVIEW_READY,P0,No actual adoption actions yet established in repo evidence,Use only for real actions; never infer adoption from placement,individual
ACT-RUN-001,Institutional Activation Runbook,institution-control,04_INSTITUTION_AND_GOVERNANCE/institution/00-control/ACT-RUN-001-Institutional-Activation-Runbook.docx,current-canonical,activation-control,canonical draft,not adopted,REVIEW_READY,P1,Dependent on final authority map and verified constants,Reconcile after constitutional integration,individual
ACT-WB-001,Activation Control Workbook,institution-control,04_INSTITUTION_AND_GOVERNANCE/institution/00-control/Activation-Control-Workbook.xlsx,current-canonical,activation-control,canonical working tool,not adopted,CONTENT_COMPLETE,P1,Must reflect only actual approvals/adoptions,Reconcile with ADOPT-001,individual
PATH-REG,Canonical Path Registry,repository-control,00_START_HERE/CANONICAL_PATH_REGISTRY.csv,current-working,navigation,current-control,not applicable,CONTENT_COMPLETE,P0,None identified,Retain as routing authority,individual
AUTH-LIFE-REG,Authority Lifecycle Registry,repository-control,00_START_HERE/AUTHORITY_LIFECYCLE_REGISTRY.csv,current-working,navigation,current-control,not applicable,CONTENT_COMPLETE,P0,None identified,Use as lifecycle input to PR-CTRL-001,individual
CURRENT-STATE,Repository Current State,repository-control,00_START_HERE/CURRENT_STATE.md,current-working,navigation,current-control,not applicable,CONTENT_COMPLETE,P0,Status dated 2026-09-21,Update when major finalization wave closes,individual
REL-V1.0,Founding Religious Synthesis Release v1.0,release,03_RELEASES_AND_BASELINES/release_v1_0,released-snapshot,founding-synthesis,current baseline for released religious synthesis,"release snapshot, not institutional adoption",PUBLISHED,P0,Must be reconciled with later constitutional/institutional corpus without rewriting snapshot,Treat as immutable source baseline,individual
REL-V1.2,Organizational Execution Release v1.2,release,03_RELEASES_AND_BASELINES/release_v1_2,released-snapshot,execution-reference,current execution release,reference only until actual actions occur,PUBLISHED,P1,"Contains filing/board/EIN/banking frameworks, not evidence of execution",Use for formation crosswalk,individual
REL-V1.4,Founding Gathering Circle Pilot Operations Release v1.4,release,03_RELEASES_AND_BASELINES/release_v1_4,released-snapshot,pilot-reference,current pilot-operations release,pre-incorporation reference,PUBLISHED,P4,Does not create legal or institutional status,Review after governing corpus stabilizes,individual
REL-V1.5,Pilot Curriculum Release Record v1.5,release,03_RELEASES_AND_BASELINES/release_v1_5,release-record,pilot-curriculum-reference,current pilot-curriculum release,reference only,PUBLISHED,P4,Repository does not contain complete binary curriculum package,Reconcile curriculum lineage later,individual
HTERP-V1.4,Historical/Transcultural Encounter Research Program v1.4,research,02_RESEARCH_AND_EVIDENCE/HTERP/HTERP_v1.4,current-working,research,current research baseline,not adopted doctrine,CONTENT_COMPLETE,P3,Research/proto-canon material must not be auto-promoted to doctrine,Crosswalk only when reviewing theology/doctrine,individual
INT-V0.4,Institutional Integrity v0.4,integrity,05_INTEGRITY_SAFEGUARDING_AND_COMPLIANCE/institutional_integrity/institutional_integrity_v0_4,current-working,pre-filing-integrity,current integrity working baseline,not legally operative,REVIEW_READY,P1,Requires board/counsel/CPA review as applicable,Crosswalk to SAFE/finance/governance controls,individual
FOUND-001,Founding Charter,pre-integration-foundational,Project Library / predecessor FOUND-series; no standalone current canonical GitHub copy located,pre-integration,design-baseline,predecessor / integration source,not adopted,RECONCILING,P0,Uses earlier identity/institutional assumptions and may overlap later Way/Assembly instruments,"Map into REL-CON-001, ECC-CON-001, BYL-001 and subordinate codes",individual
FOUND-002,"Mission, Vision, Goals & Foundational Principles",pre-integration-foundational,Project Library / predecessor FOUND-series; no standalone current canonical GitHub copy located,pre-integration,design-baseline,predecessor / integration source,not adopted,RECONCILING,P0,Uses earlier identity/institutional assumptions and may overlap later Way/Assembly instruments,"Map into REL-CON-001, ECC-CON-001, BYL-001 and subordinate codes",individual
FOUND-003,Constitutional Framework,pre-integration-foundational,Project Library / predecessor FOUND-series; no standalone current canonical GitHub copy located,pre-integration,design-baseline,predecessor / integration source,not adopted,RECONCILING,P0,Uses earlier identity/institutional assumptions and may overlap later Way/Assembly instruments,"Map into REL-CON-001, ECC-CON-001, BYL-001 and subordinate codes",individual
FOUND-004,Community Rule,pre-integration-foundational,Project Library / predecessor FOUND-series; no standalone current canonical GitHub copy located,pre-integration,design-baseline,predecessor / integration source,not adopted,RECONCILING,P0,Uses earlier identity/institutional assumptions and may overlap later Way/Assembly instruments,"Map into REL-CON-001, ECC-CON-001, BYL-001 and subordinate codes",individual
FOUND-005,Membership & Formation System,pre-integration-foundational,Project Library / predecessor FOUND-series; no standalone current canonical GitHub copy located,pre-integration,design-baseline,predecessor / integration source,not adopted,RECONCILING,P0,Uses earlier identity/institutional assumptions and may overlap later Way/Assembly instruments,"Map into REL-CON-001, ECC-CON-001, BYL-001 and subordinate codes",individual
FOUND-006,Mobile Fellowship Rule,pre-integration-foundational,Project Library / predecessor FOUND-series; no standalone current canonical GitHub copy located,pre-integration,design-baseline,predecessor / integration source,not adopted,RECONCILING,P0,Uses earlier identity/institutional assumptions and may overlap later Way/Assembly instruments,"Map into REL-CON-001, ECC-CON-001, BYL-001 and subordinate codes",individual
FOUND-007,Local Community Charter,pre-integration-foundational,Project Library / predecessor FOUND-series; no standalone current canonical GitHub copy located,pre-integration,design-baseline,predecessor / integration source,not adopted,RECONCILING,P0,Uses earlier identity/institutional assumptions and may overlap later Way/Assembly instruments,"Map into REL-CON-001, ECC-CON-001, BYL-001 and subordinate codes",individual
FOUND-008,Governance Constitution,pre-integration-foundational,Project Library / predecessor FOUND-series; no standalone current canonical GitHub copy located,pre-integration,design-baseline,predecessor / integration source,not adopted,RECONCILING,P0,Uses earlier identity/institutional assumptions and may overlap later Way/Assembly instruments,"Map into REL-CON-001, ECC-CON-001, BYL-001 and subordinate codes",individual
FOUND-009,Financial & Stewardship Constitution,pre-integration-foundational,Project Library / predecessor FOUND-series; no standalone current canonical GitHub copy located,pre-integration,design-baseline,predecessor / integration source,not adopted,RECONCILING,P0,Uses earlier identity/institutional assumptions and may overlap later Way/Assembly instruments,"Map into REL-CON-001, ECC-CON-001, BYL-001 and subordinate codes",individual
FOUND-010,Safeguarding & Ethical Conduct Framework,pre-integration-foundational,Project Library / predecessor FOUND-series; no standalone current canonical GitHub copy located,pre-integration,design-baseline,predecessor / integration source,not adopted,RECONCILING,P0,Uses earlier identity/institutional assumptions and may overlap later Way/Assembly instruments,"Map into REL-CON-001, ECC-CON-001, BYL-001 and subordinate codes",individual
FOUND-011,Teaching / Formation Curriculum Architecture,pre-integration-foundational,Project Library / predecessor FOUND-series; no standalone current canonical GitHub copy located,pre-integration,design-baseline,predecessor / integration source,not adopted,RECONCILING,P0,Uses earlier identity/institutional assumptions and may overlap later Way/Assembly instruments,"Map into REL-CON-001, ECC-CON-001, BYL-001 and subordinate codes",individual
FOUND-012,Expansion & Community-Planting System,pre-integration-foundational,Project Library / predecessor FOUND-series; no standalone current canonical GitHub copy located,pre-integration,design-baseline,predecessor / integration source,not adopted,RECONCILING,P0,Uses earlier identity/institutional assumptions and may overlap later Way/Assembly instruments,"Map into REL-CON-001, ECC-CON-001, BYL-001 and subordinate codes",individual
FOUND-013,Succession & Institutional Continuity Constitution,pre-integration-foundational,Project Library / predecessor FOUND-series; no standalone current canonical GitHub copy located,pre-integration,design-baseline,predecessor / integration source,not adopted,RECONCILING,P0,Uses earlier identity/institutional assumptions and may overlap later Way/Assembly instruments,"Map into REL-CON-001, ECC-CON-001, BYL-001 and subordinate codes",individual
FOUND-014,Legal / Organizational Architecture,pre-integration-foundational,Project Library / predecessor FOUND-series; no standalone current canonical GitHub copy located,pre-integration,design-baseline,predecessor / integration source,not adopted,RECONCILING,P0,Uses earlier identity/institutional assumptions and may overlap later Way/Assembly instruments,"Map into REL-CON-001, ECC-CON-001, BYL-001 and subordinate codes",individual
FOUND-015,Founder-to-International-Network Implementation Roadmap,pre-integration-foundational,Project Library / predecessor FOUND-series; no standalone current canonical GitHub copy located,pre-integration,design-baseline,predecessor / integration source,not adopted,RECONCILING,P0,Uses earlier identity/institutional assumptions and may overlap later Way/Assembly instruments,"Map into REL-CON-001, ECC-CON-001, BYL-001 and subordinate codes",individual
REL-CON-001,Foundational Religious Constitution,constitutional,04_INSTITUTION_AND_GOVERNANCE/institution/02-constitutional/REL-CON-001/0.1.0/REL-CON-001-Foundational-Religious-Constitution.md,current-canonical,religious root constitution,canonical draft,not adopted,RECONCILING,P0,Must be reconciled with FOUND-001–003 and release_v1_0,Resolve in constitutional integration and promote only after adoption,individual
ECC-CON-001,Ecclesiastical Governance Constitution / CH-006,constitutional,04_INSTITUTION_AND_GOVERNANCE/institution/02-constitutional/ECC-CON-001/0.1.0/CH-006-Ecclesiastical-Governance-ECC-CON-001.docx,current-canonical,ecclesiastical constitution,canonical draft,not adopted,RECONCILING,P0,Must reconcile authority allocation with REL-CON-001 and BYL-001,Resolve in constitutional integration and promote only after adoption,individual
BYL-001,Civil Bylaws / CH-005,constitutional,04_INSTITUTION_AND_GOVERNANCE/institution/02-constitutional/BYL-001/0.1.0/CH-005-Civil-Bylaws-BYL-001.docx,current-canonical,civil bylaws,canonical draft,not adopted,RECONCILING,P0,Entity constants unresolved; must reconcile civil/ecclesiastical boundary,Resolve in constitutional integration and promote only after adoption,individual
ACCOUNT-001,Accountability Constitutional Instrument,constitutional,04_INSTITUTION_AND_GOVERNANCE/institution/02-constitutional/ACCOUNT-001/0.1.0/,current-canonical,constitutional accountability,canonical draft,not adopted,RECONCILING,P1,Folder exists but no substantive file located in repository tree,Resolve in constitutional integration and promote only after adoption,individual
AFF-001,Affiliation and Disaffiliation Code,constitutional,04_INSTITUTION_AND_GOVERNANCE/institution/02-constitutional/AFF-001/0.1.0/AFF-001-Affiliation-and-Disaffiliation-Code.docx,current-canonical,constitutional code,canonical draft,not adopted,RECONCILING,P2,Depends on local-community and authority baseline,Resolve in constitutional integration and promote only after adoption,individual
CONST-GUARD-001,Constitutional Guardians Instrument,constitutional,04_INSTITUTION_AND_GOVERNANCE/institution/02-constitutional/CONST-GUARD-001/0.1.0/,current-canonical,constitutional governance,canonical draft,not adopted,RECONCILING,P1,Folder exists but no substantive file located in repository tree,Resolve in constitutional integration and promote only after adoption,individual
DISC-001,Discipline Constitutional Instrument,constitutional,04_INSTITUTION_AND_GOVERNANCE/institution/02-constitutional/DISC-001/0.1.0/,current-canonical,constitutional discipline,canonical draft,not adopted,RECONCILING,P2,Folder exists but no substantive file located in repository tree,Resolve in constitutional integration and promote only after adoption,individual
DOC-001,Doctrine and Authoritative Teaching Code,constitutional,04_INSTITUTION_AND_GOVERNANCE/institution/02-constitutional/DOC-001/0.1.0/DOC-001-Doctrine-and-Authoritative-Teaching-Code.docx,current-canonical,doctrine authority,canonical draft,not adopted,RECONCILING,P1,"Must preserve distinction among research, interpretation, teaching and binding doctrine",Resolve in constitutional integration and promote only after adoption,individual
ECC-COUNCIL-001,Ecclesiastical Council Instrument,constitutional,04_INSTITUTION_AND_GOVERNANCE/institution/02-constitutional/ECC-COUNCIL-001/0.1.0/,current-canonical,ecclesiastical governance,canonical draft,not adopted,RECONCILING,P1,Folder exists but no substantive file located in repository tree,Resolve in constitutional integration and promote only after adoption,individual
FIN-001,Financial Governance Framework,constitutional,04_INSTITUTION_AND_GOVERNANCE/institution/02-constitutional/FIN-001/0.1.0/FIN-001-Financial-Governance-Framework.md,current-canonical,financial constitution,canonical draft,not adopted,RECONCILING,P1,Must reconcile with CH-039–044 and BYL-001,Resolve in constitutional integration and promote only after adoption,individual
FOUND-TRANS-001,Founding Transition Schedule,constitutional,04_INSTITUTION_AND_GOVERNANCE/institution/02-constitutional/FOUND-TRANS-001/0.1.0/FOUND-TRANS-001-Founding-Transition-Schedule.docx,current-canonical,founder-transition,canonical draft,not adopted,RECONCILING,P1,"Must reconcile founder-era authority, succession and anti-capture design",Resolve in constitutional integration and promote only after adoption,individual
GOV-PROC-001,Governance Procedure Code,constitutional,04_INSTITUTION_AND_GOVERNANCE/institution/02-constitutional/GOV-PROC-001/0.1.0/GOV-PROC-001-Governance-Procedure-Code.docx,current-canonical,governance procedure,canonical draft,not adopted,RECONCILING,P1,Dependent on authority map,Resolve in constitutional integration and promote only after adoption,individual
JUR-001,Civil-Ecclesiastical Jurisdiction Code,constitutional,04_INSTITUTION_AND_GOVERNANCE/institution/02-constitutional/JUR-001/0.1.0/JUR-001-Civil-Ecclesiastical-Jurisdiction-Code.docx,current-canonical,jurisdiction,canonical draft,not adopted,RECONCILING,P0,Critical conflict-resolution instrument for BYL/ECC/REL constitutional layers,Resolve in constitutional integration and promote only after adoption,individual
LOCAL-001,Local Community Constitutional Framework,constitutional,04_INSTITUTION_AND_GOVERNANCE/institution/02-constitutional/LOCAL-001/0.1.0/LOCAL-001-Local-Community-Constitutional-Framework.docx,current-canonical,local governance,canonical draft,not adopted,RECONCILING,P2,Must reconcile with FOUND-007 and House of Prayer terminology,Resolve in constitutional integration and promote only after adoption,individual
MEM-001,Religious Membership Framework,constitutional,04_INSTITUTION_AND_GOVERNANCE/institution/02-constitutional/MEM-001/0.1.0/MEM-001-Religious-Membership-Framework.md,current-canonical,membership constitution,canonical draft,not adopted,RECONCILING,P1,"Must reconcile Covenant Membership, Companion terminology and non-statutory corporate membership",Resolve in constitutional integration and promote only after adoption,individual
MIN-001,Ministry and Credentialing Framework,constitutional,04_INSTITUTION_AND_GOVERNANCE/institution/02-constitutional/MIN-001/0.1.0/MIN-001-Ministry-and-Credentialing-Framework.md,current-canonical,ministry constitution,canonical draft,not adopted,RECONCILING,P2,Depends on office terminology and doctrine/authority baseline,Resolve in constitutional integration and promote only after adoption,individual
SAFE-001,Safeguarding and Accountability Framework,constitutional,04_INSTITUTION_AND_GOVERNANCE/institution/02-constitutional/SAFE-001/0.1.0/SAFE-001-Safeguarding-and-Accountability-Framework.docx,current-canonical,safeguarding constitution,canonical draft,not adopted,RECONCILING,P1,Must reconcile with integrity v0.4 and accountability architecture,Resolve in constitutional integration and promote only after adoption,individual
SUCC-001,Leadership Succession Code,constitutional,04_INSTITUTION_AND_GOVERNANCE/institution/02-constitutional/SUCC-001/0.1.0/SUCC-001-Leadership-Succession-Code.docx,current-canonical,succession constitution,canonical draft,not adopted,RECONCILING,P1,"Must reconcile founder transition, PSL succession and institutional continuity",Resolve in constitutional integration and promote only after adoption,individual
BOARD-ACT-001,Initial Board Organizational Actions Packet,formation,04_INSTITUTION_AND_GOVERNANCE/institution/01-formation/organizational-actions/BOARD-ACT-001-Initial-Board-Organizational-Actions-Packet.docx,current-canonical,formation action,canonical draft,not executed,REVIEW_READY,P1,"Requires incorporated entity, verified directors/officers and actual action",Hold until legal formation facts are verified,individual
EC-FOUND-001,Founding Ecclesiastical Adoption Instrument,governance,04_INSTITUTION_AND_GOVERNANCE/institution/04-governance/ecclesiastical-council/founding/EC-FOUND-001-Founding-Ecclesiastical-Adoption-Instrument.docx,current-canonical,ecclesiastical adoption,canonical draft,not executed,REVIEW_READY,P1,Competent ecclesiastical adopting authority and constants unresolved,Finalize after constitutional authority map,individual
CMA-001,Covenant Member Assembly Charter,governance,04_INSTITUTION_AND_GOVERNANCE/institution/04-governance/cma/CMA-001-Covenant-Member-Assembly-Charter.md,current-canonical,governance charter,canonical draft,not adopted,REVIEW_READY,P2,Depends on membership terminology and reserved powers,Review after MEM-001 and ECC-CON-001,individual
CH-001,Charter / Articles of Incorporation,formation-constitutional,No standalone current-canonical file located; content exists in release_v1_2 / Day One execution materials,execution-reference,governing/formation,no standalone canonical file located,not adopted / not filed,DRAFT_FRAMEWORK,P0,Requires verified legal entity facts and/or real-world issuance; current repository does not evidence completion,Resolve in Wave 0–2,individual
CH-002,§501(c)(3) Purpose Provision,formation-constitutional,No standalone current-canonical file located; content exists in release_v1_2 / Day One execution materials,execution-reference,governing/formation,no standalone canonical file located,not adopted / not filed,DRAFT_FRAMEWORK,P0,Requires verified legal entity facts and/or real-world issuance; current repository does not evidence completion,Resolve in Wave 0–2,individual
CH-003,Dissolution / Asset-Dedication Provision,formation-constitutional,No standalone current-canonical file located; content exists in release_v1_2 / Day One execution materials,execution-reference,governing/formation,no standalone canonical file located,not adopted / not filed,DRAFT_FRAMEWORK,P0,Requires verified legal entity facts and/or real-world issuance; current repository does not evidence completion,Resolve in Wave 0–2,individual
CH-004,EIN Confirmation,formation-constitutional,No standalone current-canonical file located; content exists in release_v1_2 / Day One execution materials,execution-reference,governing/formation,no standalone canonical file located,not adopted / not filed,DRAFT_FRAMEWORK,P0,Requires verified legal entity facts and/or real-world issuance; current repository does not evidence completion,Resolve in Wave 0–2,individual
CH-005,Civil Bylaws,formation-constitutional,04_INSTITUTION_AND_GOVERNANCE/institution/02-constitutional/BYL-001/0.1.0/CH-005-Civil-Bylaws-BYL-001.docx,current-canonical,governing/formation,canonical draft,not adopted / not filed,RECONCILING,P0,Same instrument as BYL-001; entity constants and civil/ecclesiastical crosswalk unresolved,Resolve in Wave 0–2,individual
CH-006,Ecclesiastical Governance Code,formation-constitutional,04_INSTITUTION_AND_GOVERNANCE/institution/02-constitutional/ECC-CON-001/0.1.0/CH-006-Ecclesiastical-Governance-ECC-CON-001.docx,current-canonical,governing/formation,canonical draft,not adopted / not filed,RECONCILING,P0,Same instrument as ECC-CON-001; constitutional hierarchy and civil/ecclesiastical crosswalk unresolved,Resolve in Wave 0–2,individual
CH-007,Foundational Statement of Beliefs,religious-identity,04_INSTITUTION_AND_GOVERNANCE/institution/03-doctrine-and-religious-life/beliefs/CH-007-Foundational-Statement-of-Beliefs.docx,current-canonical,religious-life,canonical draft,not adopted / not filed,RECONCILING,P2,Pre-populated draft; not adopted merely by repository placement,Finalize in dependency order after higher authorities stabilize,individual
CH-008,Formal Doctrine,religious-identity,04_INSTITUTION_AND_GOVERNANCE/institution/03-doctrine-and-religious-life/doctrine/CH-008-Formal-Doctrine.docx,current-canonical,religious-life,canonical draft,not adopted / not filed,RECONCILING,P2,Pre-populated draft; not adopted merely by repository placement,Finalize in dependency order after higher authorities stabilize,individual
CH-009,Code of Religious Discipline,religious-identity,04_INSTITUTION_AND_GOVERNANCE/institution/05-operations/discipline/CH-009-Code-of-Religious-Discipline.docx,current-canonical,religious-life,canonical draft,not adopted / not filed,RECONCILING,P2,Pre-populated draft; not adopted merely by repository placement,Finalize in dependency order after higher authorities stabilize,individual
CH-010,Order of Worship and Liturgical Manual,religious-identity,04_INSTITUTION_AND_GOVERNANCE/institution/03-doctrine-and-religious-life/worship/CH-010-Order-of-Worship-and-Liturgical-Manual.docx,current-canonical,religious-life,canonical draft,not adopted / not filed,RECONCILING,P2,Pre-populated draft; not adopted merely by repository placement,Finalize in dependency order after higher authorities stabilize,individual
CH-011,Religious Rites and Ordinances Manual,religious-identity,04_INSTITUTION_AND_GOVERNANCE/institution/03-doctrine-and-religious-life/rites/CH-011-Religious-Rites-and-Ordinances-Manual.docx,current-canonical,religious-life,canonical draft,not adopted / not filed,RECONCILING,P2,Pre-populated draft; not adopted merely by repository placement,Finalize in dependency order after higher authorities stabilize,individual
CH-012,Religious History,religious-identity,04_INSTITUTION_AND_GOVERNANCE/institution/03-doctrine-and-religious-life/history/CH-012-Religious-History.docx,current-canonical,religious-life,canonical draft,not adopted / not filed,RECONCILING,P2,Pre-populated draft; not adopted merely by repository placement,Finalize in dependency order after higher authorities stabilize,individual
CH-013,Membership Standard,congregation,04_INSTITUTION_AND_GOVERNANCE/institution/05-operations/membership/CH-013-Membership-Standard.docx,current-canonical,operational religious,canonical draft,not adopted / not filed,RECONCILING,P2,Pre-populated draft; not adopted merely by repository placement,Finalize in dependency order after higher authorities stabilize,individual
CH-014,Covenant Membership Covenant,congregation,04_INSTITUTION_AND_GOVERNANCE/institution/05-operations/membership/CH-014-Covenant-Membership-Covenant.docx,current-canonical,operational religious,canonical draft,not adopted / not filed,RECONCILING,P2,Pre-populated draft; not adopted merely by repository placement,Finalize in dependency order after higher authorities stabilize,individual
CH-015,Membership Register Standard,congregation,04_INSTITUTION_AND_GOVERNANCE/institution/05-operations/membership/CH-015-Membership-Register-Standard.docx,current-canonical,operational religious,canonical draft,not adopted / not filed,RECONCILING,P2,Pre-populated draft; not adopted merely by repository placement,Finalize in dependency order after higher authorities stabilize,individual
CH-016,Attendance Register Standard,congregation,04_INSTITUTION_AND_GOVERNANCE/institution/05-operations/membership/CH-016-Attendance-Register-Standard.docx,current-canonical,operational religious,canonical draft,not adopted / not filed,RECONCILING,P2,Pre-populated draft; not adopted merely by repository placement,Finalize in dependency order after higher authorities stabilize,individual
CH-017,Congregational Meeting Records Standard,congregation,04_INSTITUTION_AND_GOVERNANCE/institution/05-operations/membership/CH-017-Congregational-Meeting-Records-Standard.docx,current-canonical,operational religious,canonical draft,not adopted / not filed,RECONCILING,P2,Pre-populated draft; not adopted merely by repository placement,Finalize in dependency order after higher authorities stabilize,individual
CH-018,Regular Worship Schedule,congregation,04_INSTITUTION_AND_GOVERNANCE/institution/05-operations/membership/CH-018-Regular-Worship-Schedule.docx,current-canonical,operational religious,canonical draft,not adopted / not filed,RECONCILING,P2,Pre-populated draft; not adopted merely by repository placement,Finalize in dependency order after higher authorities stabilize,individual
CH-019,Worship Bulletin and Program Standard,congregation,04_INSTITUTION_AND_GOVERNANCE/institution/05-operations/membership/CH-019-Worship-Bulletin-and-Program-Standard.docx,current-canonical,operational religious,canonical draft,not adopted / not filed,RECONCILING,P2,Pre-populated draft; not adopted merely by repository placement,Finalize in dependency order after higher authorities stabilize,individual
CH-020,Sermon and Teaching Archive Standard,congregation,04_INSTITUTION_AND_GOVERNANCE/institution/05-operations/membership/CH-020-Sermon-and-Teaching-Archive-Standard.docx,current-canonical,operational religious,canonical draft,not adopted / not filed,RECONCILING,P2,Pre-populated draft; not adopted merely by repository placement,Finalize in dependency order after higher authorities stabilize,individual
CH-021,Religious Calendar Framework,congregation,04_INSTITUTION_AND_GOVERNANCE/institution/05-operations/membership/CH-021-Religious-Calendar-Framework.docx,current-canonical,operational religious,canonical draft,not adopted / not filed,RECONCILING,P2,Pre-populated draft; not adopted merely by repository placement,Finalize in dependency order after higher authorities stabilize,individual
CH-022,Recurring Worship Location Use Agreement,congregation,04_INSTITUTION_AND_GOVERNANCE/institution/05-operations/membership/CH-022-Recurring-Worship-Location-Use-Agreement.docx,current-canonical,operational religious,canonical draft,not adopted / not filed,RECONCILING,P2,Pre-populated draft; not adopted merely by repository placement,Finalize in dependency order after higher authorities stabilize,individual
CH-023,Worship Site Record,congregation,04_INSTITUTION_AND_GOVERNANCE/institution/05-operations/membership/CH-023-Worship-Site-Record.docx,current-canonical,operational religious,canonical draft,not adopted / not filed,RECONCILING,P2,Pre-populated draft; not adopted merely by repository placement,Finalize in dependency order after higher authorities stabilize,individual
CH-024,Ministerial Offices Standard,ministry-education,04_INSTITUTION_AND_GOVERNANCE/institution/05-operations/ministry/CH-024-Ministerial-Offices-Standard.docx,current-canonical,operational religious,canonical draft,not adopted / not filed,RECONCILING,P2,Pre-populated draft; not adopted merely by repository placement,Finalize in dependency order after higher authorities stabilize,individual
CH-025,Ordination and Credentialing Standard,ministry-education,04_INSTITUTION_AND_GOVERNANCE/institution/05-operations/ministry/CH-025-Ordination-and-Credentialing-Standard.docx,current-canonical,operational religious,canonical draft,not adopted / not filed,RECONCILING,P2,Pre-populated draft; not adopted merely by repository placement,Finalize in dependency order after higher authorities stabilize,individual
CH-026,Ministerial Course of Study,ministry-education,04_INSTITUTION_AND_GOVERNANCE/institution/05-operations/ministry/CH-026-Ministerial-Course-of-Study.docx,current-canonical,operational religious,canonical draft,not adopted / not filed,RECONCILING,P2,Pre-populated draft; not adopted merely by repository placement,Finalize in dependency order after higher authorities stabilize,individual
CH-027,Ordination Procedure,ministry-education,04_INSTITUTION_AND_GOVERNANCE/institution/05-operations/ministry/CH-027-Ordination-Procedure.docx,current-canonical,operational religious,canonical draft,not adopted / not filed,RECONCILING,P2,Pre-populated draft; not adopted merely by repository placement,Finalize in dependency order after higher authorities stabilize,individual
CH-028,Ministerial Credentials,ministry-education,04_INSTITUTION_AND_GOVERNANCE/institution/05-operations/ministry/CH-028-Ministerial-Credentials.docx,current-canonical,operational religious,canonical draft,not adopted / not filed,RECONCILING,P2,Pre-populated draft; not adopted merely by repository placement,Finalize in dependency order after higher authorities stabilize,individual
CH-029,Ministerial Personnel Records,ministry-education,04_INSTITUTION_AND_GOVERNANCE/institution/05-operations/ministry/CH-029-Ministerial-Personnel-Records.docx,current-canonical,operational religious,canonical draft,not adopted / not filed,RECONCILING,P2,Pre-populated draft; not adopted merely by repository placement,Finalize in dependency order after higher authorities stabilize,individual
CH-030,Religious Literature Corpus,ministry-education,04_INSTITUTION_AND_GOVERNANCE/institution/05-operations/ministry/CH-030-Religious-Literature-Corpus.docx,current-canonical,operational religious,canonical draft,not adopted / not filed,RECONCILING,P2,Pre-populated draft; not adopted merely by repository placement,Finalize in dependency order after higher authorities stabilize,individual
CH-031,Adult Religious Education Program,ministry-education,04_INSTITUTION_AND_GOVERNANCE/institution/05-operations/ministry/CH-031-Adult-Religious-Education-Program.docx,current-canonical,operational religious,canonical draft,not adopted / not filed,RECONCILING,P2,Pre-populated draft; not adopted merely by repository placement,Finalize in dependency order after higher authorities stabilize,individual
CH-032,Youth Religious Education Program,ministry-education,04_INSTITUTION_AND_GOVERNANCE/institution/05-operations/ministry/CH-032-Youth-Religious-Education-Program.docx,current-canonical,operational religious,canonical draft,not adopted / not filed,RECONCILING,P2,Pre-populated draft; not adopted merely by repository placement,Finalize in dependency order after higher authorities stabilize,individual
CH-033,Ministerial Formation Program,ministry-education,04_INSTITUTION_AND_GOVERNANCE/institution/05-operations/ministry/CH-033-Ministerial-Formation-Program.docx,current-canonical,operational religious,canonical draft,not adopted / not filed,RECONCILING,P2,Pre-populated draft; not adopted merely by repository placement,Finalize in dependency order after higher authorities stabilize,individual
CH-034,Activities Narrative,organizational-compliance,04_INSTITUTION_AND_GOVERNANCE/institution/05-operations/compliance/CH-034-Activities-Narrative.docx,current-canonical,compliance,canonical draft,not adopted / not filed,RECONCILING,P2,Pre-populated draft; not adopted merely by repository placement,Finalize in dependency order after higher authorities stabilize,individual
CH-035,Organizational Chart,organizational-compliance,04_INSTITUTION_AND_GOVERNANCE/institution/05-operations/compliance/CH-035-Organizational-Chart.docx,current-canonical,compliance,canonical draft,not adopted / not filed,RECONCILING,P2,Pre-populated draft; not adopted merely by repository placement,Finalize in dependency order after higher authorities stabilize,individual
CH-036,Governing-Body Roster,organizational-compliance,04_INSTITUTION_AND_GOVERNANCE/institution/05-operations/compliance/CH-036-Governing-Body-Roster.docx,current-canonical,compliance,canonical draft,not adopted / not filed,RECONCILING,P2,Pre-populated draft; not adopted merely by repository placement,Finalize in dependency order after higher authorities stabilize,individual
CH-037,Organizational Minutes and Initial Resolutions,organizational-compliance,04_INSTITUTION_AND_GOVERNANCE/institution/05-operations/compliance/CH-037-Organizational-Minutes-and-Initial-Resolutions.docx,current-canonical,compliance,canonical draft,not adopted / not filed,RECONCILING,P2,Pre-populated draft; not adopted merely by repository placement,Finalize in dependency order after higher authorities stabilize,individual
CH-038,Conflict-of-Interest Policy,organizational-compliance,04_INSTITUTION_AND_GOVERNANCE/institution/05-operations/compliance/CH-038-Conflict-of-Interest-Policy.docx,current-canonical,compliance,canonical draft,not adopted / not filed,RECONCILING,P2,Pre-populated draft; not adopted merely by repository placement,Finalize in dependency order after higher authorities stabilize,individual
CH-039,Compensation Policy,organizational-compliance,04_INSTITUTION_AND_GOVERNANCE/institution/05-operations/compliance/CH-039-Compensation-Policy.docx,current-canonical,compliance,canonical draft,not adopted / not filed,RECONCILING,P2,Pre-populated draft; not adopted merely by repository placement,Finalize in dependency order after higher authorities stabilize,individual
CH-040,Financial Controls Policy,organizational-compliance,04_INSTITUTION_AND_GOVERNANCE/institution/05-operations/compliance/CH-040-Financial-Controls-Policy.docx,current-canonical,compliance,canonical draft,not adopted / not filed,RECONCILING,P2,Pre-populated draft; not adopted merely by repository placement,Finalize in dependency order after higher authorities stabilize,individual
CH-041,Contribution and Offering Procedures,organizational-compliance,04_INSTITUTION_AND_GOVERNANCE/institution/05-operations/compliance/CH-041-Contribution-and-Offering-Procedures.docx,current-canonical,compliance,canonical draft,not adopted / not filed,RECONCILING,P2,Pre-populated draft; not adopted merely by repository placement,Finalize in dependency order after higher authorities stabilize,individual
CH-042,Annual Budget and Budget Procedure,organizational-compliance,04_INSTITUTION_AND_GOVERNANCE/institution/05-operations/compliance/CH-042-Annual-Budget-and-Budget-Procedure.docx,current-canonical,compliance,canonical draft,not adopted / not filed,RECONCILING,P2,Pre-populated draft; not adopted merely by repository placement,Finalize in dependency order after higher authorities stabilize,individual
CH-043,Financial Statements and Reporting Standard,organizational-compliance,04_INSTITUTION_AND_GOVERNANCE/institution/05-operations/compliance/CH-043-Financial-Statements-and-Reporting-Standard.docx,current-canonical,compliance,canonical draft,not adopted / not filed,RECONCILING,P2,Pre-populated draft; not adopted merely by repository placement,Finalize in dependency order after higher authorities stabilize,individual
CH-044,Insider and Related-Party Transaction Record,organizational-compliance,04_INSTITUTION_AND_GOVERNANCE/institution/05-operations/compliance/CH-044-Insider-and-Related-Party-Transaction-Record.docx,current-canonical,compliance,canonical draft,not adopted / not filed,RECONCILING,P2,Pre-populated draft; not adopted merely by repository placement,Finalize in dependency order after higher authorities stabilize,individual
CH-045,Political Campaign Compliance Policy,organizational-compliance,04_INSTITUTION_AND_GOVERNANCE/institution/05-operations/compliance/CH-045-Political-Campaign-Compliance-Policy.docx,current-canonical,compliance,canonical draft,not adopted / not filed,RECONCILING,P2,Pre-populated draft; not adopted merely by repository placement,Finalize in dependency order after higher authorities stabilize,individual
CH-046,Lobbying Policy,organizational-compliance,04_INSTITUTION_AND_GOVERNANCE/institution/05-operations/compliance/CH-046-Lobbying-Policy.docx,current-canonical,compliance,canonical draft,not adopted / not filed,RECONCILING,P2,Pre-populated draft; not adopted merely by repository placement,Finalize in dependency order after higher authorities stabilize,individual
CH-047,Private Benefit and Inurement Policy,organizational-compliance,04_INSTITUTION_AND_GOVERNANCE/institution/05-operations/compliance/CH-047-Private-Benefit-and-Inurement-Policy.docx,current-canonical,compliance,canonical draft,not adopted / not filed,RECONCILING,P2,Pre-populated draft; not adopted merely by repository placement,Finalize in dependency order after higher authorities stabilize,individual
CH-048,Records Retention Policy,organizational-compliance,04_INSTITUTION_AND_GOVERNANCE/institution/05-operations/compliance/CH-048-Records-Retention-Policy.docx,current-canonical,compliance,canonical draft,not adopted / not filed,RECONCILING,P2,Pre-populated draft; not adopted merely by repository placement,Finalize in dependency order after higher authorities stabilize,individual
CH-049,Form 1023 Working Copy,tax-regulatory,04_INSTITUTION_AND_GOVERNANCE/institution/09-tax-and-regulatory/form-1023/CH-049-Form-1023-Working-Copy.docx,current-canonical,tax-regulatory,canonical draft,not adopted / not filed,RECONCILING,P4,Pre-populated draft; not adopted merely by repository placement,Finalize in dependency order after higher authorities stabilize,individual
CH-050,Form 1023 Schedule A — Churches Working Copy,tax-regulatory,04_INSTITUTION_AND_GOVERNANCE/institution/09-tax-and-regulatory/schedule-a/CH-050-Form-1023-Schedule-A-Churches-Working-Copy.docx,current-canonical,tax-regulatory,canonical draft,not adopted / not filed,RECONCILING,P4,Pre-populated draft; not adopted merely by repository placement,Finalize in dependency order after higher authorities stabilize,individual
CH-051,Schedule A Evidence Exhibits and Supplemental Response Assembly,tax-regulatory,04_INSTITUTION_AND_GOVERNANCE/institution/09-tax-and-regulatory/form-1023/CH-051-Schedule-A-Evidence-Exhibits-and-Supplemental-Response-Assembly.docx,current-canonical,tax-regulatory,canonical draft,not adopted / not filed,RECONCILING,P4,Pre-populated draft; not adopted merely by repository placement,Finalize in dependency order after higher authorities stabilize,individual
CH-052,Master Exhibit Index,tax-regulatory,04_INSTITUTION_AND_GOVERNANCE/institution/09-tax-and-regulatory/form-1023/CH-052-Master-Exhibit-Index.docx,current-canonical,tax-regulatory,canonical draft,not adopted / not filed,RECONCILING,P4,Pre-populated draft; not adopted merely by repository placement,Finalize in dependency order after higher authorities stabilize,individual
CH-053,IRS Church Characteristics Matrix,tax-regulatory,04_INSTITUTION_AND_GOVERNANCE/institution/09-tax-and-regulatory/form-1023/CH-053-IRS-Church-Characteristics-Matrix.docx,current-canonical,tax-regulatory,canonical draft,not adopted / not filed,RECONCILING,P4,Pre-populated draft; not adopted merely by repository placement,Finalize in dependency order after higher authorities stabilize,individual
CH-054,Church Qualification Narrative,tax-regulatory,04_INSTITUTION_AND_GOVERNANCE/institution/09-tax-and-regulatory/form-1023/CH-054-Church-Qualification-Narrative.docx,current-canonical,tax-regulatory,canonical draft,not adopted / not filed,RECONCILING,P4,"Derivative narrative must be finalized only after underlying actual congregation, worship, ministry, governance, finance and evidence exist",Finalize in dependency order after higher authorities stabilize,individual
DISC-PROC-001,Disciplinary Procedure Manual and Forms,operational-manual,04_INSTITUTION_AND_GOVERNANCE/institution/06-templates/manuals/DISC-PROC-001-Disciplinary-Procedure-Manual-and-Forms.docx,current-canonical,procedural derivative,canonical template/manual,not adopted,REVIEW_READY,P3,Must remain subordinate to controlling constitutional/policy instruments,Review after parent instrument is finalized,individual
DOC-OPS-001,Doctrine Docket and Teaching Classification Procedures,operational-manual,04_INSTITUTION_AND_GOVERNANCE/institution/06-templates/manuals/DOC-OPS-001-Doctrine-Docket-and-Teaching-Classification-Procedures.docx,current-canonical,procedural derivative,canonical template/manual,not adopted,REVIEW_READY,P3,Must remain subordinate to controlling constitutional/policy instruments,Review after parent instrument is finalized,individual
FIN-POL-001,Financial Policies and Procedures Manual,operational-manual,04_INSTITUTION_AND_GOVERNANCE/institution/06-templates/manuals/FIN-POL-001-Financial-Policies-and-Procedures-Manual.docx,current-canonical,procedural derivative,canonical template/manual,not adopted,REVIEW_READY,P3,Must remain subordinate to controlling constitutional/policy instruments,Review after parent instrument is finalized,individual
GOV-FORMS-001,Governance Forms and Decision Records Manual,operational-manual,04_INSTITUTION_AND_GOVERNANCE/institution/06-templates/manuals/GOV-FORMS-001-Governance-Forms-and-Decision-Records-Manual.docx,current-canonical,procedural derivative,canonical template/manual,not adopted,REVIEW_READY,P3,Must remain subordinate to controlling constitutional/policy instruments,Review after parent instrument is finalized,individual
LOCAL-AFF-OPS-001,Local Community and Affiliation Implementation Manual,operational-manual,04_INSTITUTION_AND_GOVERNANCE/institution/06-templates/manuals/LOCAL-AFF-OPS-001-Local-Community-and-Affiliation-Implementation-Manual.docx,current-canonical,procedural derivative,canonical template/manual,not adopted,REVIEW_READY,P3,Must remain subordinate to controlling constitutional/policy instruments,Review after parent instrument is finalized,individual
MIN-OPS-001,Ministerial Credentialing Procedures and Forms Manual,operational-manual,04_INSTITUTION_AND_GOVERNANCE/institution/06-templates/manuals/MIN-OPS-001-Ministerial-Credentialing-Procedures-and-Forms-Manual.docx,current-canonical,procedural derivative,canonical template/manual,not adopted,REVIEW_READY,P3,Must remain subordinate to controlling constitutional/policy instruments,Review after parent instrument is finalized,individual
OPS-IMPL-001,Operational Implementation Manuals Completion Binder,operational-manual,04_INSTITUTION_AND_GOVERNANCE/institution/06-templates/manuals/OPS-IMPL-001-Operational-Implementation-Manuals-Completion-Binder.docx,current-canonical,procedural derivative,canonical template/manual,not adopted,REVIEW_READY,P3,Must remain subordinate to controlling constitutional/policy instruments,Review after parent instrument is finalized,individual
SAFE-OPS-001,Safeguarding Procedures and Forms Manual,operational-manual,04_INSTITUTION_AND_GOVERNANCE/institution/06-templates/manuals/SAFE-OPS-001-Safeguarding-Procedures-and-Forms-Manual.docx,current-canonical,procedural derivative,canonical template/manual,not adopted,REVIEW_READY,P3,Must remain subordinate to controlling constitutional/policy instruments,Review after parent instrument is finalized,individual
SUCC-OPS-001,Leadership Succession Procedures and Transition Forms,operational-manual,04_INSTITUTION_AND_GOVERNANCE/institution/06-templates/manuals/SUCC-OPS-001-Leadership-Succession-Procedures-and-Transition-Forms.docx,current-canonical,procedural derivative,canonical template/manual,not adopted,REVIEW_READY,P3,Must remain subordinate to controlling constitutional/policy instruments,Review after parent instrument is finalized,individual
TPL-GOV,Governance Template Collection,collection,04_INSTITUTION_AND_GOVERNANCE/institution/06-templates/governance,current-canonical,template-library,collection-level control,not applicable,CLASSIFIED,P4,Individual artifacts intentionally not expanded in first-pass master register,Expand when that review wave begins,collection
TPL-SAFE,Safeguarding Template Collection,collection,04_INSTITUTION_AND_GOVERNANCE/institution/06-templates/safeguarding,current-canonical,template-library,collection-level control,not applicable,CLASSIFIED,P4,Individual artifacts intentionally not expanded in first-pass master register,Expand when that review wave begins,collection
TPL-FIN,Finance Template Collection,collection,04_INSTITUTION_AND_GOVERNANCE/institution/06-templates/finance,current-canonical,template-library,collection-level control,not applicable,CLASSIFIED,P4,Individual artifacts intentionally not expanded in first-pass master register,Expand when that review wave begins,collection
TPL-MIN,Ministry Template Collection,collection,04_INSTITUTION_AND_GOVERNANCE/institution/06-templates/ministry,current-canonical,template-library,collection-level control,not applicable,CLASSIFIED,P4,Individual artifacts intentionally not expanded in first-pass master register,Expand when that review wave begins,collection
TPL-DISC,Discipline Template Collection,collection,04_INSTITUTION_AND_GOVERNANCE/institution/06-templates/discipline,current-canonical,template-library,collection-level control,not applicable,CLASSIFIED,P4,Individual artifacts intentionally not expanded in first-pass master register,Expand when that review wave begins,collection
TPL-DOC,Doctrine Template Collection,collection,04_INSTITUTION_AND_GOVERNANCE/institution/06-templates/doctrine,current-canonical,template-library,collection-level control,not applicable,CLASSIFIED,P4,Individual artifacts intentionally not expanded in first-pass master register,Expand when that review wave begins,collection
TPL-SUCC,Succession Template Collection,collection,04_INSTITUTION_AND_GOVERNANCE/institution/06-templates/succession,current-canonical,template-library,collection-level control,not applicable,CLASSIFIED,P4,Individual artifacts intentionally not expanded in first-pass master register,Expand when that review wave begins,collection
TPL-LOCAL,Local/Affiliation Template Collection,collection,04_INSTITUTION_AND_GOVERNANCE/institution/06-templates/local-affiliation,current-canonical,template-library,collection-level control,not applicable,CLASSIFIED,P4,Individual artifacts intentionally not expanded in first-pass master register,Expand when that review wave begins,collection
RECORDS,Institutional Records Collections,collection,04_INSTITUTION_AND_GOVERNANCE/institution/07-records,current-canonical,record-system,collection-level control,not applicable,CLASSIFIED,P5,Individual artifacts intentionally not expanded in first-pass master register,Expand when that review wave begins,collection
EVIDENCE,Institutional Evidence Collections,collection,04_INSTITUTION_AND_GOVERNANCE/institution/08-evidence,current-canonical,evidence-system,collection-level control,not applicable,CLASSIFIED,P5,Individual artifacts intentionally not expanded in first-pass master register,Expand when that review wave begins,collection
ARCHIVE,Institutional Superseded/Historical Archive,collection,04_INSTITUTION_AND_GOVERNANCE/institution/99-archive,historical,canonical-archive,collection-level control,not applicable,CLASSIFIED,P5,Individual artifacts intentionally not expanded in first-pass master register,Expand when that review wave begins,collection
HIST-PACK,Historical and Preintegration Packages,collection,80_HISTORICAL_AND_PREINTEGRATION_PACKAGES,historical,provenance-archive,collection-level control,not applicable,CLASSIFIED,P5,Individual artifacts intentionally not expanded in first-pass master register,Expand when that review wave begins,collection
CHAT-ARCH,Substantive Chat Response Archive,collection,90_WORKING_NOTES_AND_SCRIPTS/Chat_Responses,current-canonical,working-archive,collection-level control,not applicable,CLASSIFIED,P5,Individual artifacts intentionally not expanded in first-pass master register,Expand when that review wave begins,collection
PR-TERM-001,Canonical Terminology Register,production-control,00_START_HERE/production_control/PR-TERM-001-CANONICAL-TERMINOLOGY-REGISTER.csv,current-working,corpus-control,current-control,not applicable,CONTENT_COMPLETE,P0,"Terminology is controlled for drafting but several terms remain expressly provisional or decision-dependent",Use as mandatory terminology crosscheck during reconciliation,individual
REL-V1.6,Pilot Launch Logistics and Venue Release v1.6,release,03_RELEASES_AND_BASELINES/release_v1_6,released-snapshot,pilot-launch-reference,current pilot launch logistics release,pre-incorporation reference,PUBLISHED,P4,"Launch remains gated by real independent concern/safeguarding route, venue permission, accurate public invitation, emergency/site plan, and non-founder facilitation capacity",Review only after governing/safeguarding baseline stabilizes,individual
PR-AUTH-001,Constitutional Authority Map,production-control,00_START_HERE/production_control/PR-AUTH-001-CONSTITUTIONAL-AUTHORITY-MAP.csv,current-working,corpus-control,current-control,not applicable,CONTENT_COMPLETE,P0,"Authority hierarchy mapped; several cross-domain and supersession questions remain explicitly unresolved",Use as mandatory authority crosscheck during PR-XWALK and constitutional reconciliation,individual
