domain,term,status,definition,preferred_usage,avoid_or_caution,crosswalk,decision_required
Core identity,The Way,CANONICAL_DRAFTING,"The religious path, tradition, and way of life itself; it is not identical with any corporation, leader, building, document, or generation.",walk the Way; teachings of the Way; the Way teaches/practices,Do not use as though it were the legal corporation or proprietary possession.,Replaces broader predecessor identity names as the native name of the religious path.,No
Core identity,Companion,CANONICAL_DRAFTING,A person who freely identifies with and undertakes to walk the Way with others while retaining conscience and freedom of departure.,a Companion; Companion of the Way; become a Companion,"Does not by itself create Covenant Membership, statutory corporate membership, office, voting rights, or spiritual rank.",Native personal identity; broader than formal Covenant Membership.,No
Core identity,Companions,CANONICAL_DRAFTING,Companions collectively.,the Companions; Companions of the Way,Do not imply a spiritual caste or governing body.,Plural of Companion.,No
Core identity,The Assembly,CANONICAL_DRAFTING,The religious community formed by Companions and welcome participants gathered around the Way; broader than the legal corporation and distinct from the Board.,the Assembly gathers; life of the Assembly; the Assembly teaches,"Never use as a synonym for the nonprofit corporation, Board, or Covenant Member Assembly.",Current native community term; supersedes generic predecessor movement/community names for ordinary religious-community prose.,No
Core identity,The Assembly of the Way,WORKING_PUBLIC_NAME,Compound public-facing working name joining the community and tradition; used in current pilot materials.,The Assembly of the Way; a gathering of the Assembly of the Way,Do not append Inc. unless referring to a verified legal entity; do not treat working-name usage as incorporation or trademark status.,Public-facing expansion of The Assembly + The Way.,Yes — final public/organizational naming decision
Core identity,House of Prayer,CANONICAL_DRAFTING,"A stable local expression of the Assembly: the local religious community/congregation and, secondarily, the place where it gathers.",a House of Prayer; House of Prayer at [place],"A House of Prayer need not own a building and is not a separate legal entity unless expressly organized as one. When referring to real estate, say House of Prayer site/facility where needed.",Preferred native term for a stable local community; maps externally to congregation when required.,No
Core identity,Houses of Prayer,CANONICAL_DRAFTING,Multiple local expressions of the Assembly.,the Houses of Prayer; network of Houses of Prayer,Do not imply a federation or jurisdictional hierarchy until one is actually constituted.,Plural of House of Prayer.,No
Core identity,Gathering,CANONICAL_DRAFTING,"A particular meeting for prayer, study, fellowship, service, discernment, formation, or another recognized purpose.",Gathering for Prayer; weekly Gathering; Founding Gathering Circle,"A gathering is not automatically a House of Prayer, congregation, membership meeting, or corporate meeting.",Native meeting term.,No
Core identity,Founding Gathering Circle,TECHNICAL_CURRENT,"The current pre-incorporation adult pilot/gathering framework used to test formation, operations, safeguarding, and reproducibility.",Founding Gathering Circle pilot,"Must not be described as an incorporated entity, recognized House of Prayer, statutory membership body, or tax-exempt organization unless those facts later become true.",Current pilot term in releases v1.4–v1.6.,No
Core identity,House of Prayer for All Peoples,CEREMONIAL,A fuller scriptural/theological expression associated with the inclusive vision behind House of Prayer.,dedication language; mission language,"Use as inherited scriptural language, not as an exclusive proprietary brand.",Ceremonial expansion of House of Prayer.,No
Legal/external,[[CORP_NAME]],CONTROL_PLACEHOLDER,Required placeholder for the legal corporation name until a name is verified and the corporation is actually formed/authorized.,use exactly [[CORP_NAME]] in legal drafts until resolved,Do not silently replace with a preferred public name in filing/adoption documents.,ORG.LEGAL_NAME control in org_constants.yaml.,Yes — verified legal name
Legal/external,"The Assembly of the Way, Inc.",RESERVED_CANDIDATE,"Candidate form of the legal nonprofit corporate name if ultimately verified, selected, and formed under that name.",Only after verified legal formation; before then describe as candidate,Do not present as the existing legal entity while ORG.LEGAL_NAME remains unresolved.,Candidate legal form derived from working public name.,Yes — Tennessee name/legal formation verification and final selection
Legal/external,Corporation,TECHNICAL_CANONICAL,"The nonprofit corporation that may legally support the religious community and hold civil rights, duties, property, contracts, and fiduciary obligations.",the Corporation; [[CORP_NAME]],Do not equate with the Way or the Assembly.,Civil legal entity; distinct from religious community.,No
Legal/external,religious organization,EXTERNAL_GENERIC,Generic legal/public descriptor for an organization organized for religious purposes.,religious organization when communicating externally,Not the preferred native proper name of the religious community.,External category.,No
Legal/external,church,EXTERNAL_REGULATORY,"External legal, tax, historical, or comparative term; may describe a claimed IRS classification or another tradition's institution.",IRS church classification; church characteristics; Christian church,Do not use as the default native name of the Assembly unless a specific document requires the category; never imply IRS recognition before established.,Maps to tax/regulatory CH-049–054 context.,No
Legal/external,congregation,EXTERNAL_DESCRIPTIVE,External/legal or ordinary descriptive term for people who regularly gather as a local religious community.,"congregation when required by IRS, insurer, venue, or comparative prose","Do not treat congregation, House of Prayer, Companion, or Covenant Member as automatically identical categories.",External analogue to a stable local House of Prayer; factual meaning depends on actual practice.,No
Legal/external,statutory corporate member,TECHNICAL_LEGAL,"A member of the nonprofit corporation under applicable corporate law, if the corporation is structured to have such members.",statutory corporate member; corporation has/has no statutory members,Never abbreviate simply to member where confusion with Covenant Membership is possible.,Current draft design says Covenant Membership is distinct; actual corporate structure must be verified in filed charter/bylaws.,No
Legal/external,Board of Directors,TECHNICAL_LEGAL,The civil governing board of the nonprofit corporation with powers and fiduciary duties assigned by law and civil governing instruments.,Board of Directors; the Board,"Not the Assembly, Ecclesiastical Council, clergy, or membership body.",BYL-001 civil body.,No
Legal/external,Board,TECHNICAL_LEGAL,Permitted shorthand for Board of Directors once defined.,the Board,Do not use for a religious council.,Short form of Board of Directors.,No
Membership,Participant,CANONICAL_DRAFTING,"A person who takes part in a gathering, program, practice, or community activity without necessarily claiming Companion or Covenant Member status.",participant; welcome participant,"Participation alone does not create membership, office, assent, or governance rights.",Broadest ordinary belonging category.,No
Membership,Companion,CANONICAL_DRAFTING,Religious identity for a person walking the Way with others.,Companion of the Way,Do not collapse into Covenant Member or statutory corporate member.,Identity layer before/formally outside membership status.,No
Membership,Covenant Member,TECHNICAL_CANONICAL,A person admitted into the Assembly's formal ecclesiastical Covenant Membership under MEM-001 and related instruments.,Covenant Member; Covenant Membership,Never shorten to member in documents where corporate membership could be confused. Covenant Membership does not itself create ownership or statutory corporate membership.,"Formal ecclesiastical membership status. Drafting rule: ordinarily a formal subset of Companions, while not every Companion must be a Covenant Member.",Yes — confirm exact Companion/Covenant-Member eligibility relationship in MEM-001 reconciliation
Membership,Covenant Membership,TECHNICAL_CANONICAL,The formal ecclesiastical membership system governed by MEM-001 and its Covenant/procedures.,enter Covenant Membership; Covenant Membership status,"Do not describe it as corporate ownership, irrevocable vow, or automatic office eligibility beyond rules actually adopted.",Formal membership layer distinct from Companion identity and statutory corporate membership.,No
Membership,Covenant Member Assembly,TECHNICAL_CANONICAL,The formal participatory ecclesiastical governance body composed of eligible Covenant Members under the constitutional system.,Covenant Member Assembly; CMA,Never use The Assembly as shorthand for CMA; The Assembly is the broader religious community.,CMA-001 formal governance body within the Assembly.,No
Membership,CMA,CONTROLLED_ABBREVIATION,Abbreviation for Covenant Member Assembly after the full name is defined in a document.,CMA,Do not use before definition in public-facing documents.,Abbreviation only.,No
Membership,member,AVOID_UNQUALIFIED,"Ambiguous term that can refer to religious membership, statutory corporate membership, or ordinary affiliation.","Use Covenant Member, statutory corporate member, participant, Companion, or another precise term instead.",Avoid standing alone in governing/legal documents.,Disambiguation rule.,No
Membership,Companion Commitment,CANDIDATE,Possible voluntary public statement by which an adult identifies as a Companion.,make the Companion Commitment,Not an irrevocable vow; not required unless later adopted; does not itself create statutory membership.,Historical/current candidate in foundational source work.,Yes — final form and relationship to Covenant Membership
Governance,Religious Body,PHASE_OUT_TECHNICAL,Generic technical term used throughout some current constitutional drafts for the religious community associated with the corporation.,Use only where already defined pending reconciliation,Prefer The Assembly or religious community in final prose unless a technical distinction requires Religious Body. Do not leave it undefined.,Legacy/current drafting synonym that must be crosswalked to The Assembly.,Yes — PR-AUTH/constitutional reconciliation
Governance,Rule-Governed Conciliar Polity,TECHNICAL_CANONICAL,"Name of the current draft governance model in which authority is rule-bound, distributed by competence, and exercised through defined councils and offices.",Rule-Governed Conciliar Polity,Not a public identity name and not evidence of adoption by itself.,Governance-model descriptor in REL-CON-001/ECC-CON-001 architecture.,No
Governance,Founder,HISTORICAL_ROLE,"The person who originated the present institutional project; a historical relation, not by itself a religious office.",Founder; founding period; founder-era,"Founder status alone does not create doctrinal infallibility, ministry credential, ownership, disciplinary immunity, or legal authority not granted elsewhere.",Current native lexicon and constitutional anti-capture usage.,"Yes — exact founder-era reserved powers, if any, belong in PR-AUTH not in the word itself"
Governance,Presiding Spiritual Leader,PROVISIONAL_OFFICE_TITLE,Current draft title for the principal ecclesiastical leadership office in later governance instruments.,Presiding Spiritual Leader; PSL after definition,REL-CON-001 itself flags the final title as unresolved; do not treat the title as permanently settled.,Later governance term; not identical with Founder.,Yes — final office title
Governance,PSL,CONTROLLED_ABBREVIATION,Abbreviation for Presiding Spiritual Leader after definition.,PSL,Do not use as a public title without first spelling it out.,Abbreviation only.,No
Governance,Ecclesiastical Council,TECHNICAL_CANONICAL,Current draft collective body for major ecclesiastical governance and discernment under ECC-CON-001.,Ecclesiastical Council; EC,Do not imply authority over civil matters outside its defined jurisdiction.,Current later governance body; likely successor to earlier generic Council of the Assembly concept.,No
Governance,EC,CONTROLLED_ABBREVIATION,Abbreviation for Ecclesiastical Council after definition.,EC,Avoid unexplained abbreviation in public documents.,Abbreviation only.,No
Governance,Council of Constitutional Guardians,TECHNICAL_CANONICAL,Current draft body for constitutional/jurisdictional review.,Council of Constitutional Guardians; CCG,Do not describe as a civil court or holder of powers not granted in governing instruments.,Current later governance body.,No
Governance,CCG,CONTROLLED_ABBREVIATION,Abbreviation for Council of Constitutional Guardians after definition.,CCG,Avoid unexplained abbreviation in public documents.,Abbreviation only.,No
Governance,Ecclesiastical Accountability Council,TECHNICAL_CANONICAL,Current draft independent ecclesiastical body for serious misconduct/accountability functions.,Ecclesiastical Accountability Council; EAC,"Does not replace civil authorities, mandated reporting, law enforcement, or independent professional processes where applicable.",Current later governance body.,No
Governance,EAC,CONTROLLED_ABBREVIATION,Abbreviation for Ecclesiastical Accountability Council after definition.,EAC,Avoid unexplained abbreviation in public documents.,Abbreviation only.,No
Governance,Council of the Assembly,LEGACY_CANDIDATE,Earlier candidate term for a religious deliberative body.,Use only when describing historical design evolution,Do not use as a second competing name for the Ecclesiastical Council unless PR-XWALK explicitly preserves a separate body.,Earlier vocabulary likely absorbed/replaced by later council architecture.,Yes — PR-XWALK
Governance,Council of Houses,FUTURE_CANDIDATE,Possible representative body connecting multiple Houses of Prayer after multiple Houses actually exist.,Council of Houses if later constituted,Do not imply it exists now.,Future federation/local-community concept.,Yes — only when community scale warrants
Governance,Regional Assembly,FUTURE_PROVISIONAL,Possible geographic coordination layer among multiple Houses of Prayer.,"Appalachian Regional Assembly, if later constituted",Do not create jurisdictional hierarchy merely through terminology.,Future scaling term.,Yes — later local/federation architecture
Ministry,Minister,PROVISIONAL_ROLE,"A person formally entrusted with defined religious functions such as prayer, pastoral care, worship, teaching, rites, or service.",commissioned Minister; Minister of [function],"Should denote accountable function, not sacred caste or unlimited spiritual authority.",MIN-001 role vocabulary.,Yes — final credential/ordination theology
Ministry,Teacher,CANONICAL_DRAFTING,A person recognized or assigned to teach within demonstrated competence.,Teacher of history; Teacher in a House of Prayer,"Teaching authority remains bounded by scope, sources, review, and correction.",Native role vocabulary.,No
Ministry,Steward,CANONICAL_DRAFTING,"A person entrusted with resources, administration, property, operations, or another defined communal responsibility.",House Steward; Steward of Finance,"Custody on behalf of others, not ownership or spiritual rank.",Native role vocabulary.,No
Ministry,Elder,PROVISIONAL_ROLE,"Possible role recognizing maturity, wisdom, long service, and sound judgment.","Elder of the Assembly, only if later adopted","No automatic executive, fiduciary, revelatory, or disciplinary authority.",Earlier candidate role.,Yes
Ministry,Commissioning,CANONICAL_PROCESS,Formal authorization for a defined ministry or service under the current working model.,commission a Minister; letter of commissioning,"Authorization must remain scoped, accountable, and reviewable; it is not ordination unless explicitly so defined.",Current authorization model pending ordination theology.,No
Ministry,Ordination,RESERVED,Possible future religious act/status for ordained ministry if theology and practice warrant it.,ordination only after formal adoption,Do not manufacture merely to imitate other religions or obtain tax treatment.,Reserved future ministry category.,Yes
Ministry,Clergy,EXTERNAL_LEGAL,External umbrella term for recognized religious ministers when law or institutions use that category.,clergy housing/tax rules; clergy credentialing,Not necessarily preferred internal self-description.,External analogue to recognized ministers.,No
Ministry,Prophet,NOT_AN_OFFICE,Historical/theological category for a person claimed to speak through revelation; not an institutional office of the Assembly.,study of prophets; claimed prophetic experience,No person becomes institutionally unquestionable or gains office by claiming prophetic status.,Reserved/non-office term.,No
Knowledge/authority,Encounter,CANONICAL_DRAFTING,"A reported or experienced event interpreted as contact with, disclosure from, or awareness of transcendent reality.",reported encounter; encounter record,Phenomenological description does not validate the interpretation.,Core epistemic vocabulary.,No
Knowledge/authority,Testimony,CANONICAL_DRAFTING,"A person's or community's account of an encounter, conviction, event, or practice.",testimony; historical testimony,"Evidence to consider, not an automatic command.",Core epistemic vocabulary.,No
Knowledge/authority,Witness,CANONICAL_DRAFTING,"A person, text, artifact, practice, or source bearing evidence concerning an encounter, event, belief, or tradition.",historical witness; textual witness,Witness does not mean proof of all attached theology.,Basis of Library of Witnesses terminology.,No
Knowledge/authority,Library of Witnesses,TECHNICAL_CANONICAL,"The broad collection of religious/historical sources preserved for study, comparison, reconstruction, and theological work.",Library of Witnesses,"Inclusion does not imply equal authority, reliability, inspiration, or doctrinal force.",Current repository/theological source architecture.,No
Knowledge/authority,Revelation,TECHNICAL_PROVISIONAL,"A claimed disclosure from God, the Divine, or transcendent reality.",revelation claim; revelation tradition,"Prefer revelation claim when evidentiary status matters; no revelation claim bypasses consent, safeguarding, law, finance, or governance.",Epistemic category.,No
Knowledge/authority,Interpretation,CANONICAL_DRAFTING,"Human assignment of meaning to an encounter, testimony, text, event, or tradition.",interpretation; competing interpretations,Must remain distinguishable from the source/testimony itself.,Core epistemic distinction.,No
Knowledge/authority,Teaching,CANONICAL_DRAFTING,A proposition or practice currently taught with a stated status or confidence where appropriate.,teaching of the Assembly; current teaching,Repetition does not silently make teaching into binding doctrine.,DOC-001/teaching-status layer.,No
Knowledge/authority,Doctrine,FORMAL_RESERVED,"A teaching formally adopted with defined authority, scope, status, and implications.",formal doctrine; adopted doctrine,"Do not label research conclusions, founder views, common opinions, or repeated teachings doctrine without the defined process.",CH-008/DOC-001 formal category.,No
Knowledge/authority,Binding doctrine,FORMAL_TECHNICAL,Doctrine actually adopted as binding by the competent religious authority through the required process.,binding doctrine,"Drafts, release snapshots, research, personal revelation, and repository metadata are not binding doctrine.",Authority terminology map.,No
Knowledge/authority,Foundational witness,RESEARCH_TECHNICAL,"A source/corpus judged especially important to identity, historical reconstruction, or constructive theology.",foundational witness proposal; foundational witness,"Does not itself mean infallible, inerrant, exclusive, or binding unless separately adopted.",Research/source architecture.,No
Knowledge/authority,HTERP proto-canon / research source-priority architecture,RESEARCH_TECHNICAL,HTERP's constructive-theology reading/source-priority architecture.,Always use the full qualified phrase on first use,Never shorten to the canon in institutional or public governing documents.,Research architecture only.,No
Knowledge/authority,Canon,RESERVED,"A formally bounded authoritative collection, if the Assembly ever constitutes one through an explicit process.",canon of [source tradition]; future Way canon only if adopted,"No Way canon should be presumed from repository placement, HTERP inclusion, liturgical use, or historical importance.",Reserved future category.,Yes — separate entrenched process if ever pursued
Knowledge/authority,Scripture,CONTEXTUAL,"A text regarded as scripture within a named tradition, or by the Assembly only if explicitly adopted as such.",Jewish scripture; Islamic scripture; Christian scripture; Buddhist scriptures where appropriate,Do not call the full Library of Witnesses our scripture.,Tradition-relative category.,No
Knowledge/authority,Sacred Sources,PROVISIONAL_UMBRELLA,"Umbrella phrase for spiritually significant texts, oral traditions, artifacts, practices, and records under study.",study of Sacred Sources,Does not equal canon or equal authority.,Source umbrella.,No
Knowledge/authority,Inquiry,CANONICAL_DRAFTING,"Disciplined investigation of religious, historical, philosophical, scientific, and experiential claims.",sacred inquiry; historical inquiry,Inquiry is not automatically doctrine and should not be framed as disloyalty.,Core practice/epistemic term.,No
Knowledge/authority,Discernment,CANONICAL_DRAFTING,"Individual and communal testing of claims, motives, interpretations, and proposed actions.",discernment process; discern a teaching,"Not a magic word that converts preference, charisma, or majority will into authority.",Core practice/governance term.,No
Knowledge/authority,canonical institutional repository,REPOSITORY_TECHNICAL,The controlled repository home for current institutional instruments and records.,canonical institutional repository,"Canonical here means designated repository home, not religious canon or adoption.",04_INSTITUTION_AND_GOVERNANCE/institution/.,No
Knowledge/authority,canonical path,REPOSITORY_TECHNICAL,The designated current repository home for a class of artifacts.,canonical path,Does not mean scriptural or doctrinal canon.,Repository-control term.,No
Practice,Prayer,CANONICAL_DRAFTING,"Intentional address, attention, petition, thanksgiving, lament, praise, silence, or communion directed toward God/the Divine as understood by the person/community.",Gathering for Prayer; daily prayer,Specific forms and metaphysical language may vary by adopted theology and conscience.,Core practice.,No
Practice,Worship,CANONICAL_DRAFTING,Personal or communal acts oriented toward reverence of God/the Divine or the sacred.,public worship; worship gathering,Do not use to settle unresolved theology of ultimate reality merely by vocabulary.,Core practice.,No
Practice,Study,CANONICAL_DRAFTING,"Serious learning from primary sources, history, languages, scholarship, and lived traditions.",Gathering for Study; study group,"Should distinguish source, interpretation, evidence, and conclusion.",Core practice.,No
Practice,Service,CANONICAL_DRAFTING,"Voluntary action for the good of persons, communities, creatures, or the world.",Gathering for Service; service project,"Do not condition aid on conversion, loyalty, donation, silence, or membership.",Core practice.,No
Practice,Offering,CANONICAL_DRAFTING,"A voluntary gift of money, goods, time, skill, or service.",make an offering; freewill offering,"No offering purchases spiritual status, office, protection, revelation, or preference.",Core practice/finance term.,No
Practice,Retreat,CANONICAL_DRAFTING,"A temporary voluntary period of intensified prayer, study, silence, fellowship, or reflection.",retreat; retreat house,"No coercive isolation, deprivation, or exit restriction.",Core practice.,No
Practice,Remembrance,PROVISIONAL,"Intentional recalling of God/the Divine, sacred history, persons, events, teachings, or obligations.",practice of remembrance,Specific ritual meaning remains subject to theological development.,Practice vocabulary.,Yes — later liturgical definition
Practice,The Common Table,CANDIDATE_CURRENT_PRACTICE,"A shared fellowship meal used in current pilot/curriculum materials to explore hospitality, equality, gratitude, and companionship.",the Common Table; Fellowship: The Common Table,Current repository sources still classify it as candidate rather than a fixed sacrament; do not overstate adoption until rite corpus is reconciled.,Candidate practice with active pilot use.,Yes — reconcile later rite decisions into CH-011
Practice,Rule of Life,PROVISIONAL,A written pattern of common practices and ethical commitments freely undertaken.,personal Rule of Life; common Rule of Life,Must not become coercive surveillance or a substitute for due process.,Formation/practice architecture.,Yes — final scope
Historical,Keren haYachad,HISTORICAL_PREDECESSOR,Earlier project/community name appearing in the predecessor FOUND-series.,"Use only in historical provenance, quotation, or crosswalk records",Do not introduce into new canonical drafting as the current identity unless explicitly restored by decision.,Predecessor to current Way/Assembly identity architecture.,No
Historical,The Confluence / Confluence,HISTORICAL_NAMING_CANDIDATE,Earlier naming concept for the religious community/local communities.,Use only when documenting naming history,Do not use as a current proper name in new governing drafts unless intentionally revived.,Earlier naming exploration superseded in current working vocabulary by The Assembly / House of Prayer.,No
Historical,Follower of the Founder,AVOID,Founder-centered identity formula.,None,Do not use as a category for participants or adherents.,Contrary to Companion/Way identity model.,No
Historical,Master,AVOID_AS_TITLE,Title implying personal spiritual domination or rank.,None,Avoid as internal leadership title.,Incompatible with lateral Companion model.,No
Historical,apostate / heretic / unbeliever,AVOID_ADMINISTRATIVE_LABEL,Traditional theological/polemical labels that are not administrative categories of the Assembly.,Use only when accurately discussing historical/source traditions,"Never use as organizational labels for former participants, critics, dissenters, or nonmembers.",Rights/anti-coercion control.,No
Document control,draft,CONTROLLED_STATUS,An artifact still subject to substantive change and not yet adopted merely by existence.,Working Draft; Provisional Constitutional Draft,Never equate draft with operative law/doctrine.,PR-CTRL production states.,No
Document control,released snapshot,CONTROLLED_STATUS,An intentionally preserved release/version that should remain byte-stable.,released snapshot; release record,Release does not itself imply institutional adoption.,03_RELEASES_AND_BASELINES lifecycle.,No
Document control,adopted,EVIDENCE_BEARING_STATUS,An instrument approved through its applicable authoritative process with an adoption record preserved.,"adopted on [date] by [authority], record [ID]",Never use merely because a file sits in a canonical folder.,ADOPT-001 / actual action required.,No
Document control,executed,EVIDENCE_BEARING_STATUS,"A document or action actually signed/completed as required, with evidence preserved.",executed instrument; executed minutes,Do not backdate or infer execution from a template.,Institution records lifecycle.,No
Document control,filed,EVIDENCE_BEARING_STATUS,"A document actually submitted to the relevant government/authority, with filing evidence preserved.",filed charter; filed application,Filing-ready or draft is not filed.,Formation/tax record lifecycle.,No
Document control,final,AVOID_UNQUALIFIED,"Ambiguous status that may mean content-complete, approved, adopted, print-ready, or merely polished.","Use CONTENT COMPLETE, APPROVED, ADOPTED/EXECUTED, PRINT MASTER, or PUBLISHED instead.",Do not label a governing document final without specifying lifecycle state.,Production-readiness terminology.,No
Document control,Print Master,CONTROLLED_STATUS,"The proofed, pagination-locked production version prepared for printing after substantive approvals are complete.",PRINT MASTER,Does not itself create adoption or legal effect.,PR-STYLE production state.,No
Document control,superseded,CONTROLLED_STATUS,A prior artifact retained for provenance but no longer controlling for current use.,SUPERSEDED; superseded by [ID/version],Never delete solely because it is superseded.,PR-XWALK / archive lifecycle.,No
